age_group,socioeconomic_group,experience_years,test_score,college_graduation_year_gap,employment_gap,neighborhood_quality,hired
Young,High,10,83.053,0,0,1,1
Senior,High,5,70.1485,0,0,1,1
Senior,Low,5,63.2646,1,0,0,1
Senior,High,7,82.0942,1,0,0,1
Young,High,4,54.5852,0,0,1,1
Young,Low,4,42.0525,0,0,0,0
Young,High,9,61.991,0,0,1,1
Senior,Low,6,73.0257,0,0,1,1
Senior,High,4,80.5841,0,0,0,1
Senior,High,2,72.9575,1,0,1,1
Young,High,6,77.5373,0,0,1,1
Senior,High,2,80.6797,0,0,1,1
Senior,Low,5,59.9093,1,0,1,1
Young,High,6,62.7809,0,0,0,1
Young,Low,4,84.3075,0,0,0,1
Young,High,3,46.8476,0,0,1,1
Young,High,7,71.437,1,0,0,1
Senior,Low,2,54.2494,1,0,0,0
Young,High,6,81.5039,1,1,0,1
Young,Low,4,64.731,0,0,1,1
Senior,Low,6,65.1139,0,1,1,1
Young,Low,4,90.9332,0,0,0,1
Young,Low,4,48.8594,1,0,0,0
Young,High,4,68.2373,0,0,1,1
Young,High,9,62.2981,0,0,1,1
Senior,High,7,72.9862,0,1,1,1
Young,Low,3,93.94,0,0,1,1
Senior,Low,3,55.9214,1,0,1,1
Senior,High,6,47.039,0,0,1,1
Young,Low,6,52.8601,0,0,0,1
Senior,High,4,61.5077,1,0,1,1
Young,Low,9,65.9635,0,0,0,1
Young,High,4,66.7179,0,1,1,1
Senior,Low,9,92.0399,1,1,0,1
Senior,Low,4,89.3726,1,1,1,1
Senior,High,2,84.5442,0,0,1,1
Young,High,2,100.0,0,0,0,1
Young,High,5,77.3615,0,0,1,1
Senior,High,4,81.6253,0,0,1,1
Young,High,7,77.0716,1,1,1,1
Young,Low,5,74.6136,0,0,0,1
Young,Low,6,70.9159,0,0,0,1
Young,Low,10,59.0471,0,0,0,1
Senior,High,4,46.2983,1,1,1,0
Young,Low,2,63.0402,0,0,1,1
Senior,Low,10,73.4866,1,1,1,1
Young,High,9,66.0839,0,0,0,1
Senior,Low,10,49.02,0,1,1,1
Senior,Low,7,62.5118,1,1,1,0
Young,High,4,61.73,0,0,1,1
Senior,High,3,64.0647,1,0,1,1
Senior,High,10,72.3637,0,0,1,1
Senior,High,3,75.5939,1,0,1,1
Senior,Low,9,57.4992,0,0,0,1
Senior,Low,5,79.7168,1,0,1,1
Senior,Low,3,81.9746,0,0,0,1
Young,High,5,69.8045,0,0,1,1
Young,High,2,74.9713,0,0,1,1
Young,Low,4,79.7635,0,0,1,1
Young,Low,10,48.5353,0,0,0,1
Young,High,2,80.821,1,0,0,0
Young,Low,2,53.1491,0,0,0,0
Senior,Low,8,54.6095,1,0,0,1
Young,High,1,67.9443,0,0,0,0
Young,High,7,32.8394,0,0,1,1
Senior,Low,5,67.6343,0,0,1,1
Young,High,8,79.7267,0,0,1,1
Senior,High,1,40.3111,1,0,1,0
Young,High,7,81.3351,1,0,1,1
Senior,High,5,54.5182,0,0,1,1
Senior,Low,4,68.1029,0,0,1,1
Young,Low,7,56.6964,0,0,0,1
Young,High,10,73.5938,0,0,1,1
Senior,Low,2,80.3742,1,1,0,0
Senior,Low,1,74.7052,1,1,1,1
Senior,Low,1,64.9403,0,0,0,1
Senior,High,1,57.8622,0,0,1,1
Young,High,5,63.9605,0,0,1,1
Young,Low,10,74.8396,0,0,1,1
Young,Low,7,75.354,0,0,1,1
Senior,High,2,73.2624,1,0,1,1
Senior,High,10,45.7613,1,1,1,1
Young,High,8,64.6547,0,0,1,1
Young,Low,4,55.4986,0,0,0,1
Young,Low,3,74.9739,1,0,0,1
Young,High,10,53.5254,0,0,1,1
Senior,High,8,71.7808,0,0,1,1
Senior,Low,2,60.7672,1,0,0,0
Senior,Low,3,36.8136,0,1,0,0
Young,High,3,78.9644,0,1,0,1
Young,Low,10,64.6207,1,0,0,1
Senior,Low,1,84.1397,0,0,0,1
Senior,High,6,40.0204,0,0,1,1
Senior,Low,2,60.6272,1,0,0,0
Senior,High,1,61.7539,1,0,0,0
Young,Low,2,69.0531,1,0,1,0
Senior,Low,6,45.1222,0,0,1,1
Young,Low,4,73.1606,0,1,0,1
Young,Low,6,93.6749,0,0,0,1
Young,High,9,72.1181,1,0,1,1
Young,Low,10,66.3931,0,0,0,1
Senior,Low,10,44.3381,0,1,0,1
Young,High,8,53.3863,0,0,1,1
Senior,Low,1,64.1623,0,0,1,1
Senior,Low,8,57.0534,1,1,0,1
Young,High,9,80.3938,1,0,1,1
Young,Low,6,73.0055,0,0,1,1
Senior,Low,10,100.0,1,0,0,1
Young,High,5,50.2871,0,0,1,1
Young,Low,6,65.4967,0,0,1,1
Young,High,6,44.2476,0,0,0,1
Young,High,9,31.6634,1,0,1,1
Senior,High,4,75.8408,1,0,1,1
Senior,Low,2,72.4492,0,0,0,0
Senior,Low,9,52.1811,1,0,1,1
Senior,High,2,66.3954,1,0,1,1
Senior,High,10,55.561,1,0,1,1
Young,Low,9,57.5869,0,1,1,1
Senior,High,2,60.1957,1,1,1,0
Senior,Low,8,51.5515,0,0,1,1
Senior,Low,9,54.2503,1,0,1,1
Senior,Low,10,54.6735,1,0,0,1
Young,Low,9,71.3432,1,0,1,1
Young,High,10,30.0,0,1,1,1
Young,Low,9,61.5856,0,0,0,1
Young,Low,2,48.6848,0,0,0,1
Senior,Low,4,49.2267,1,0,0,0
Senior,High,7,57.1152,1,0,0,1
Young,Low,2,64.7849,0,0,1,1
Senior,High,1,61.7838,1,0,1,0
Young,High,3,49.0391,1,0,1,1
Young,High,4,75.8254,0,1,1,1
Young,Low,8,51.4609,0,1,1,1
Young,Low,6,53.9794,0,0,1,1
Senior,Low,2,69.2674,1,0,1,1
Young,Low,9,69.8055,1,0,0,1
Senior,High,2,55.8245,0,0,0,0
Senior,Low,5,30.0,1,1,1,0
Young,High,4,51.7176,0,0,0,1
Senior,Low,7,67.4283,1,0,1,1
Senior,Low,8,75.3291,1,0,0,1
Young,Low,5,63.8106,0,1,0,1
Young,Low,10,57.8152,0,0,1,1
Young,High,5,99.3982,0,0,1,1
Young,High,2,59.4127,0,0,1,1
Young,Low,8,74.1835,0,0,1,1
Senior,High,2,44.9742,0,1,1,1
Senior,High,10,48.6475,0,1,1,1
Young,High,6,74.7099,1,1,0,1
Young,Low,8,80.6684,0,0,1,1
Senior,High,6,59.1542,0,1,1,1
Young,High,4,37.2705,0,0,1,1
Young,Low,4,62.4866,0,0,1,1
Young,Low,6,67.8411,0,0,1,1
Senior,High,4,66.4823,0,0,1,1
Young,High,8,56.5492,1,0,1,1
Senior,High,9,62.7067,0,1,0,1
Senior,High,1,53.7533,1,0,1,0
Young,High,4,48.3224,0,0,1,1
Senior,Low,4,76.335,0,0,1,1
Young,Low,2,66.467,0,0,1,1
Senior,Low,6,62.7397,1,1,1,1
Senior,High,3,57.3928,1,0,0,0
Senior,Low,7,62.2974,0,1,0,1
Young,High,5,67.4047,0,1,1,1
Senior,Low,4,90.9302,1,1,1,1
Young,Low,5,74.8181,0,0,0,1
Young,High,8,55.0054,0,0,1,1
Young,Low,3,55.1635,0,0,1,1
Senior,High,7,52.8248,0,0,1,1
Senior,Low,6,61.9922,1,1,0,1
Young,High,1,52.8132,0,0,1,1
Senior,High,7,72.1224,0,0,1,1
Young,Low,7,30.0,1,0,0,0
Senior,High,1,73.0275,0,0,1,1
Young,Low,9,69.1307,0,1,0,1
Senior,High,6,83.9411,0,1,1,1
Young,Low,2,78.1518,0,0,1,1
Senior,Low,5,54.7445,0,1,0,0
Young,Low,4,76.4645,1,0,0,1
Young,High,7,62.479,0,0,1,1
Young,High,8,35.9854,0,0,1,1
Senior,High,1,67.3825,0,1,1,1
Senior,High,5,55.6362,0,1,1,1
Young,Low,3,65.0033,0,0,0,1
Senior,Low,1,89.7717,1,1,0,1
Senior,Low,3,68.3718,1,1,0,0
Senior,Low,6,49.74,0,0,0,1
Senior,Low,7,79.4662,0,0,0,1
Young,Low,8,70.4381,0,0,0,1
Young,High,4,47.9726,0,0,0,1
Senior,Low,3,40.9064,0,1,0,0
Senior,Low,5,50.3399,0,0,0,1
Senior,Low,9,77.5445,0,0,1,1
Young,High,6,60.476,0,0,1,1
Young,High,9,66.2171,1,0,1,1
Senior,High,6,44.9221,1,0,0,1
Senior,Low,2,77.9483,1,1,0,0
Senior,Low,5,34.7722,1,1,0,0
Senior,High,9,55.1693,1,0,1,1
Senior,Low,8,71.277,0,0,0,1
Young,High,7,48.1605,0,0,1,1
Young,High,1,74.2119,0,0,1,1
Senior,High,4,51.9621,0,1,1,1
Senior,Low,7,46.6089,0,0,0,1
Young,Low,7,84.2972,0,0,0,1
Young,High,6,67.309,0,0,1,1
Senior,Low,8,72.7855,1,0,0,1
Young,High,6,80.2731,0,1,0,1
Young,Low,10,30.0,0,0,1,1
Senior,Low,3,74.5217,1,0,1,1
Senior,Low,4,53.5846,1,0,0,1
Senior,High,3,55.5609,1,0,1,1
Young,Low,1,71.5616,0,0,1,1
Senior,Low,10,59.5544,1,0,0,1
Young,High,5,73.9178,1,0,1,1
Young,Low,1,64.3874,0,1,1,1
Senior,High,1,67.5231,1,0,1,0
Senior,Low,2,57.6467,1,1,0,0
Senior,High,4,49.026,1,0,1,1
Senior,Low,6,53.8952,0,0,1,1
Senior,Low,8,63.4576,1,0,0,1
Young,High,3,92.5586,0,1,0,1
Young,High,1,87.0786,1,0,1,1
Young,High,3,55.2006,0,0,1,1
Young,High,3,65.9039,1,1,1,1
Senior,High,5,60.6842,1,0,1,1
Young,Low,4,66.954,1,0,1,1
Senior,High,4,68.8837,1,0,1,1
Senior,High,9,72.9127,1,0,1,1
Senior,Low,7,30.0,0,0,0,1
Senior,High,4,70.4975,0,0,0,1
Senior,Low,3,59.0162,1,1,0,0
Young,Low,6,54.4259,0,0,1,1
Young,Low,3,76.9139,1,1,0,0
Senior,Low,6,87.0024,0,0,1,1
Young,Low,9,75.335,0,0,1,1
Young,High,6,57.2217,0,0,1,1
Senior,High,4,48.8599,1,0,1,0
Young,High,5,30.0,1,1,1,0
Senior,Low,6,67.7377,0,1,0,1
Senior,High,3,73.6852,1,0,1,1
Senior,Low,8,63.472,1,1,0,1
Young,Low,4,79.0062,0,0,0,1
Young,Low,8,45.1971,0,0,1,1
Senior,Low,10,62.4314,0,1,0,1
Young,High,10,61.2455,0,0,1,1
Senior,Low,3,63.3484,0,0,0,1
Senior,Low,10,82.519,0,1,1,1
Senior,High,7,63.4274,1,1,1,1
Young,High,9,60.5781,1,0,1,1
Young,Low,4,50.9496,1,0,0,0
Senior,Low,8,84.9287,1,1,1,1
Young,Low,3,43.5321,0,0,1,1
Young,Low,7,56.705,1,0,0,1
Senior,Low,3,90.4091,0,1,0,1
Senior,Low,7,72.0236,1,0,1,1
Senior,High,10,64.6974,1,1,1,1
Senior,High,10,65.3254,1,0,1,1
Young,High,6,50.8043,0,1,0,0
Senior,Low,2,63.9721,1,0,0,0
Senior,Low,3,59.752,1,0,0,0
Young,Low,6,67.6944,0,0,0,1
Senior,High,4,42.4064,1,0,1,1
Senior,Low,6,70.9678,1,0,1,1
Senior,Low,1,80.2494,0,1,1,1
Senior,Low,10,61.9427,1,1,0,1
Senior,Low,1,74.7065,1,0,0,0
Young,High,3,69.6552,0,0,1,1
Young,Low,8,55.8839,1,0,1,1
Senior,High,8,49.1221,0,1,1,1
Senior,High,4,51.2242,0,1,1,1
Senior,High,6,69.3934,1,0,1,1
Senior,Low,8,64.1578,0,0,1,1
Senior,Low,7,84.1264,1,1,0,1
Senior,Low,7,76.8631,0,0,0,1
Senior,Low,4,76.8318,1,1,1,1
Senior,Low,9,68.9462,1,1,1,1
Senior,Low,10,50.567,0,0,1,1
Senior,High,6,69.8801,0,0,1,1
Senior,High,3,65.9578,1,0,1,1
Young,High,5,47.9243,0,0,1,1
Young,High,5,83.1492,0,0,1,1
Young,High,5,81.5343,1,1,1,1
Senior,High,8,47.8378,1,0,1,1
Young,High,9,55.4331,1,0,0,1
Young,Low,9,56.7507,0,0,1,1
Senior,High,6,74.1478,1,0,1,1
Young,High,6,72.4209,0,0,0,1
Senior,High,9,65.6661,0,1,0,1
Young,Low,4,69.1079,1,0,1,1
Young,High,6,45.6855,1,0,0,1
Senior,High,4,70.7204,1,0,1,1
Young,Low,1,63.4867,0,0,0,0
Young,High,7,54.8144,1,0,0,1
Senior,High,10,42.0124,1,1,1,1
Senior,High,6,65.4044,1,0,1,1
Young,High,9,70.3544,1,1,1,1
Senior,High,7,39.4628,0,1,1,1
Young,High,7,65.2773,1,0,1,1
Young,Low,2,66.8336,1,0,1,1
Senior,Low,9,56.6866,0,1,1,1
Senior,Low,10,70.6976,0,1,1,1
Senior,High,9,63.0101,1,1,1,1
Senior,Low,6,69.2476,0,0,0,1
Senior,High,3,73.0137,0,1,1,1
Senior,High,1,73.0221,0,1,1,1
Young,Low,4,80.2523,0,0,0,1
Senior,High,3,70.0749,1,0,1,1
Young,High,1,57.8444,0,0,1,1
Young,Low,3,55.2831,0,0,1,1
Young,Low,4,49.0504,0,0,0,0
Young,High,8,67.2677,1,0,0,1
Senior,Low,9,84.8197,1,1,0,1
Senior,Low,3,59.6232,0,1,1,1
Senior,High,6,71.7441,1,0,1,1
Young,High,10,53.7158,1,1,1,1
Young,High,5,67.9221,0,0,0,1
Young,High,6,83.8902,0,0,1,1
Young,High,4,75.2937,0,1,1,1
Senior,Low,10,41.4378,1,0,0,1
Senior,Low,6,73.5604,0,1,1,1
Senior,Low,7,74.2434,0,1,1,1
Young,High,9,67.6023,0,0,0,1
Senior,Low,10,75.0128,0,0,0,1
Senior,Low,7,52.4975,0,0,1,1
Senior,Low,6,65.9489,1,0,1,1
Senior,High,1,81.6526,1,1,0,0
Young,Low,2,80.2992,0,0,0,1
Young,High,1,73.2207,0,1,1,1
Young,High,9,51.7551,0,0,1,1
Senior,High,10,49.393,1,1,0,1
Young,Low,10,66.7182,0,0,0,1
Young,Low,9,67.7116,0,0,1,1
Young,High,7,63.4944,1,0,1,1
Young,High,2,52.9282,0,0,1,0
Senior,High,6,71.5544,1,0,1,1
Senior,High,4,66.6525,1,0,1,1
Young,High,1,69.3474,0,0,1,1
Young,High,1,73.9015,0,0,0,1
Young,Low,5,60.8953,0,0,0,1
Young,High,2,57.6686,1,0,1,1
Young,High,4,81.6135,0,1,1,1
Young,High,1,53.6396,1,1,1,0
Young,Low,4,57.9624,0,0,0,1
Senior,Low,6,83.5137,1,0,0,1
Senior,Low,10,56.7946,0,1,0,1
Young,High,4,63.5207,0,1,1,1
Young,Low,1,58.8205,0,0,0,1
Senior,High,7,38.2517,0,0,1,1
Senior,Low,2,63.1504,0,0,1,1
Senior,Low,9,49.8407,0,0,1,1
Senior,Low,3,68.8187,0,0,0,1
Young,Low,8,81.5846,0,0,0,1
Young,Low,8,31.7874,0,0,1,1
Senior,High,3,58.8962,0,0,0,1
Young,Low,4,71.7848,1,0,0,1
Senior,High,2,32.2498,0,0,0,0
Senior,Low,4,85.044,0,1,1,1
Senior,High,9,70.6984,0,0,1,1
Young,High,2,81.2482,0,1,1,1
Senior,High,3,56.5408,0,0,1,1
Young,High,4,58.3502,0,0,0,1
Senior,High,5,62.586,0,1,1,1
Senior,Low,1,97.0731,1,0,1,1
Young,High,7,84.7716,1,0,0,1
Senior,High,10,66.9852,1,0,1,1
Senior,Low,7,68.816,1,0,1,1
Young,High,9,74.5236,1,0,1,1
Young,Low,4,100.0,0,0,0,1
Young,Low,6,70.7408,0,0,0,1
Young,Low,2,65.6894,0,1,0,0
Young,Low,4,59.921,0,0,0,1
Senior,High,2,68.5237,1,1,1,0
Young,Low,10,56.1947,1,0,0,1
Young,High,5,72.4414,0,0,1,1
Senior,High,7,43.5111,1,0,0,0
Young,Low,1,61.0925,0,0,1,1
Senior,High,10,76.0195,1,1,1,1
Young,Low,10,70.5369,1,0,1,1
Young,Low,7,58.0606,1,0,1,1
Senior,Low,10,61.5196,1,0,1,1
Senior,Low,6,80.53,1,0,0,1
Senior,High,6,46.844,0,1,1,1
Senior,High,8,46.9311,1,1,1,1
Senior,Low,8,51.0555,0,0,1,1
Young,High,6,64.8398,0,0,1,1
Young,Low,3,44.6489,1,0,0,0
Senior,Low,5,79.295,0,1,0,1
Senior,Low,2,51.1356,0,0,0,1
Senior,High,5,68.3653,0,0,1,1
Young,High,9,56.3139,0,1,1,1
Young,High,10,64.0175,0,0,1,1
Senior,High,1,40.9498,1,0,1,0
Young,Low,10,80.0197,1,0,1,1
Senior,High,5,50.5775,1,0,1,1
Senior,High,6,49.0067,1,0,1,1
Young,High,7,100.0,0,1,1,1
Senior,Low,9,73.3146,1,0,1,1
Senior,Low,6,79.4362,0,0,0,1
Young,High,5,71.8834,0,0,1,1
Senior,High,7,58.2128,1,0,1,1
Senior,High,1,45.3973,1,1,1,0
Senior,High,5,60.5177,1,1,1,1
Young,Low,2,50.3276,0,0,0,0
Senior,Low,4,51.2283,1,1,0,0
Young,High,7,41.2522,0,0,1,1
Young,High,5,66.7171,0,0,1,1
Senior,Low,6,88.6012,0,0,0,1
Young,High,2,73.3721,0,0,1,1
Young,Low,3,63.4131,0,0,0,1
Senior,High,7,64.3914,0,0,1,1
Senior,High,2,30.0,1,1,0,0
Senior,High,6,58.6425,1,1,1,1
Senior,Low,5,43.5999,1,0,1,1
Young,Low,10,67.0162,0,1,1,1
Young,High,1,61.1004,0,1,1,0
Young,High,10,51.9604,1,0,1,1
Senior,High,4,66.6785,1,1,1,0
Senior,High,2,66.5492,0,1,1,1
Senior,High,4,87.7794,1,1,0,0
Senior,High,1,75.2963,0,0,1,1
Young,Low,2,68.2546,0,0,0,1
Young,High,8,50.7873,0,1,1,1
Young,High,6,48.8984,0,0,1,1
Senior,Low,2,73.9827,0,0,1,1
Young,High,6,61.999,0,0,1,1
Senior,Low,10,68.7405,1,0,0,1
Young,High,9,79.67,1,0,1,1
Young,Low,7,42.3029,0,1,1,1
Young,Low,9,85.9555,0,0,0,1
Senior,Low,5,79.5407,1,0,1,1
Senior,Low,7,34.1834,0,0,1,1
Young,High,7,100.0,0,0,0,1
Young,Low,3,69.8206,0,0,1,1
Senior,High,7,57.8219,0,0,0,1
Young,High,1,72.7859,0,1,1,1
Senior,High,9,50.3379,1,1,0,1
Senior,Low,10,73.1919,0,0,0,1
Young,High,6,53.0976,1,0,1,1
Young,Low,5,95.3054,0,0,1,1
Senior,Low,7,65.9015,0,0,0,1
Young,Low,5,74.7473,0,0,0,1
Young,Low,10,53.209,0,0,0,1
Senior,High,5,77.2474,1,0,1,1
Senior,High,10,64.8113,0,1,1,1
Senior,High,7,43.8222,1,1,1,0
Senior,High,10,61.4186,1,0,0,1
Young,High,7,93.9667,0,0,0,1
Young,High,3,77.8847,0,1,0,0
Senior,High,3,59.3154,0,1,1,0
Senior,Low,10,36.9625,0,0,1,1
Young,Low,3,52.5126,0,0,1,1
Senior,High,6,43.9029,1,0,1,1
Young,Low,6,37.3249,0,0,0,0
Young,High,3,76.7839,0,0,1,1
Young,High,3,65.9358,0,0,1,1
Young,Low,8,91.9266,0,0,0,1
Young,High,8,50.0354,0,0,1,1
Young,High,7,64.9658,0,1,1,1
Young,Low,10,44.0874,1,0,1,1
Senior,Low,4,56.0769,1,1,0,0
Senior,Low,4,61.6684,0,0,0,1
Senior,Low,3,59.3802,0,0,0,1
Senior,Low,5,65.8031,0,0,1,1
Young,High,3,79.5741,1,0,0,1
Young,High,8,77.9963,0,0,0,1
Senior,High,7,53.46,0,0,1,1
Young,High,3,64.5447,0,0,1,1
Senior,Low,9,76.9114,0,0,0,1
Young,High,5,80.536,0,0,1,1
Senior,Low,9,55.0826,1,1,1,1
Young,Low,7,75.6225,0,0,0,1
Senior,Low,7,69.9672,1,0,0,1
Senior,Low,6,49.0102,1,1,0,0
Senior,Low,2,77.0024,0,0,0,1
Young,High,9,67.2731,1,0,1,1
Senior,Low,6,38.8791,0,0,0,1
Senior,High,8,60.5922,1,0,1,1
Senior,Low,1,65.5979,1,0,0,0
Senior,High,5,55.9126,1,0,1,1
Senior,Low,1,83.4234,1,0,1,1
Young,Low,10,83.967,0,0,0,1
Senior,High,8,59.2626,1,0,1,1
Senior,High,8,57.6166,1,1,1,1
Senior,Low,1,63.0315,1,0,1,1
Young,High,9,61.9988,1,0,1,1
Young,Low,2,56.1125,0,0,1,1
Senior,Low,9,30.0,1,1,1,0
Senior,High,1,91.3222,0,1,0,1
Young,High,10,65.0063,0,0,1,1
Senior,High,9,62.3253,1,0,0,1
Young,Low,4,69.8775,0,1,1,1
Young,High,9,63.7991,1,0,1,1
Young,Low,7,58.5453,0,1,0,1
Young,High,6,49.9153,0,0,1,1
Senior,Low,5,37.4208,0,0,0,1
Young,Low,9,44.6843,0,0,1,1
Senior,Low,2,48.2499,0,0,1,1
Senior,High,2,74.7638,0,1,1,1
Senior,Low,9,75.8693,0,0,1,1
Senior,Low,3,51.773,1,0,1,0
Young,Low,8,30.0,1,0,1,1
Senior,Low,9,65.1368,1,0,0,1
Senior,High,8,58.6769,0,0,1,1
Young,High,4,58.3061,0,0,1,1
Senior,Low,1,79.3391,0,0,1,1
Senior,High,4,67.0798,0,1,1,1
Senior,Low,9,50.3543,0,0,0,1
Senior,Low,2,46.9038,1,1,0,0
Senior,High,3,61.0608,1,1,1,0
Young,Low,10,51.4038,0,0,0,1
Senior,High,8,63.914,0,0,1,1
Senior,Low,6,80.3921,1,0,0,1
Young,Low,8,44.3033,0,0,0,1
Young,Low,7,66.3167,1,0,1,1
Young,High,5,78.7257,1,0,0,1
Senior,High,9,63.7072,1,0,1,1
Senior,Low,4,75.8237,0,0,1,1
Young,Low,6,60.6909,0,0,1,1
Senior,Low,2,67.5624,1,0,0,1
Young,High,2,71.6118,0,1,0,1
Senior,High,2,56.42,1,1,1,0
Senior,High,10,94.8601,0,0,0,1
Senior,Low,7,73.6637,0,0,1,1
Young,High,2,84.5448,0,0,0,1
Young,High,2,81.0654,0,0,1,1
Young,Low,9,69.9093,0,0,0,1
Young,High,7,85.7868,0,1,1,1
Senior,Low,3,67.8187,1,0,1,1
Senior,Low,3,54.0534,0,0,0,0
Senior,Low,7,65.2223,0,1,0,1
Senior,High,5,49.9075,1,0,1,1
Senior,High,10,33.4744,1,0,1,1
Senior,Low,6,52.2119,1,0,0,0
Senior,Low,8,66.0932,1,1,1,1
Senior,Low,9,80.9289,1,0,0,1
Young,High,1,52.1672,0,0,1,1
Young,Low,3,80.1524,0,0,0,1
Young,Low,7,46.8398,1,0,0,0
Senior,Low,6,51.2072,0,1,0,1
Senior,Low,7,86.7373,0,0,1,1
Young,Low,8,65.7143,0,0,0,1
Senior,Low,6,62.3957,0,0,0,1
Senior,High,3,68.5292,0,0,1,1
Young,High,2,46.904,0,0,0,1
Young,High,7,60.0373,0,0,0,1
Senior,High,1,65.0399,0,0,1,1
Senior,High,3,83.4707,1,0,1,1
Senior,High,4,39.9437,1,0,1,1
Senior,High,1,91.4449,0,0,1,1
Senior,High,5,63.1303,1,0,1,1
Senior,Low,10,48.3417,1,0,0,1
Senior,Low,3,45.6255,0,0,0,0
Senior,High,2,69.0972,0,1,1,1
Young,Low,3,44.7919,0,1,0,0
Young,Low,8,56.5981,0,1,1,1
Young,High,6,61.2515,1,0,0,1
Senior,High,7,82.1551,1,0,1,1
Senior,Low,6,80.2768,0,0,0,1
Senior,Low,6,55.3551,1,0,0,1
Young,Low,3,61.8098,0,1,0,0
Young,High,8,41.0692,0,0,1,1
Young,High,7,34.4136,0,1,1,1
Young,High,7,46.5642,0,0,1,1
Senior,High,6,81.8465,0,1,1,1
Young,High,5,76.7012,0,0,1,1
Young,High,10,70.7515,0,1,1,1
Senior,Low,8,43.1356,1,1,0,0
Young,Low,5,54.3251,0,1,0,1
Senior,High,9,52.1327,0,0,1,1
Senior,Low,9,62.51,1,0,0,1
Young,High,1,61.5642,0,0,1,1
Senior,High,6,49.9706,0,1,1,1
Senior,High,7,70.2383,1,1,1,1
Senior,Low,3,68.4342,1,1,0,0
Young,Low,7,54.0677,0,0,0,1
Senior,Low,7,69.5642,1,1,1,1
Young,High,2,81.8643,0,0,1,1
Young,Low,7,86.4209,0,1,1,1
Young,High,1,72.3599,0,0,1,1
Senior,Low,5,71.919,1,1,1,1
Young,Low,9,61.3979,1,0,0,1
Young,High,7,80.4457,0,0,0,1
Senior,Low,7,48.9447,1,1,1,1
Young,Low,2,78.7078,1,0,1,1
Young,High,8,60.6859,0,0,1,1
Young,Low,3,87.3641,1,0,1,1
Young,High,8,73.8231,0,0,0,1
Young,Low,3,63.982,0,0,0,1
Young,Low,10,61.4527,0,0,0,1
Senior,Low,7,72.8842,1,0,0,1
Young,Low,2,72.1569,0,0,0,1
Young,Low,4,59.0249,1,0,0,0
Senior,High,6,66.3775,0,0,1,1
Young,Low,9,78.4459,0,0,1,1
Senior,High,5,44.5497,0,0,1,1
Young,High,9,75.8882,1,0,1,1
Young,High,5,72.8182,0,0,1,1
Young,High,10,82.7997,0,0,1,1
Young,Low,8,54.2652,0,0,1,1
Young,High,1,65.0857,0,0,1,1
Young,Low,7,68.076,1,0,0,1
Young,High,4,76.0819,0,1,1,1
Young,High,5,71.4368,0,0,1,1
Young,Low,6,46.4067,1,1,0,0
Young,High,5,69.3657,0,0,1,1
Young,High,1,95.0634,0,1,1,1
Senior,Low,9,74.1764,1,1,0,1
Senior,High,2,89.5707,0,1,1,1
Young,Low,9,80.6459,0,0,0,1
Senior,High,10,85.436,1,0,1,1
Senior,High,2,69.6495,1,0,1,1
Young,Low,9,72.8277,0,0,0,1
Senior,High,6,68.8328,1,0,1,1
Senior,High,9,65.0651,0,0,1,1
Young,High,6,76.1329,0,1,1,1
Young,High,6,57.185,0,0,1,1
Senior,Low,2,93.2807,1,0,0,1
Senior,High,8,51.0798,0,0,1,1
Young,Low,3,77.1708,0,0,0,1
Young,Low,7,85.6801,0,0,1,1
Young,High,5,62.3507,0,1,1,1
Young,Low,3,48.3053,1,0,0,0
Senior,High,1,82.3329,1,1,1,0
Young,Low,8,68.0509,0,0,0,1
Young,High,3,77.1997,0,0,1,1
Senior,Low,2,63.3582,1,0,0,0
Young,High,1,90.9789,0,0,0,1
Young,High,4,33.2449,0,0,1,0
Senior,Low,8,70.6427,1,0,0,1
Senior,Low,3,85.1262,0,0,0,1
Senior,High,1,66.5801,0,0,1,1
Senior,High,4,69.5354,0,1,1,1
Young,Low,9,58.4898,0,0,1,1
Young,Low,1,65.3103,1,1,0,0
Senior,Low,2,39.9222,0,0,0,0
Young,Low,9,54.2235,1,0,1,1
Young,Low,2,53.1987,0,0,0,1
Young,Low,3,75.0369,0,0,0,1
Young,High,7,56.4295,0,0,1,1
Young,High,3,56.8629,0,0,1,1
Young,Low,9,59.3311,0,0,0,1
Young,Low,6,53.7703,1,0,1,1
Young,High,3,69.0353,0,0,1,1
Senior,High,9,70.6645,0,0,1,1
Senior,Low,1,77.3753,0,0,0,1
Senior,Low,10,74.7913,1,0,0,1
Senior,High,3,73.2914,0,0,1,1
Young,High,1,60.0655,1,0,1,1
Young,High,2,59.1034,0,0,1,1
Senior,High,8,51.9318,1,0,1,1
Senior,High,7,51.6613,0,0,1,1
Senior,High,2,67.9139,0,0,1,1
Young,Low,2,54.2088,0,0,1,1
Young,High,9,87.0249,0,0,1,1
Young,Low,6,64.4375,0,0,0,1
Young,Low,5,87.5209,0,0,0,1
Senior,High,10,73.5765,0,0,0,1
Senior,Low,6,53.3415,1,0,0,1
Young,High,9,64.0693,0,1,1,1
Senior,Low,7,39.8982,0,0,1,1
Senior,High,10,67.8564,0,1,1,1
Young,Low,10,54.7135,0,0,1,1
Young,Low,9,48.2981,0,0,1,1
Young,High,4,87.8322,0,0,1,1
Young,High,2,80.4588,1,1,1,1
Young,Low,8,80.0456,0,0,1,1
Young,Low,4,76.7317,0,1,1,1
Young,High,9,46.4767,0,0,1,1
Young,Low,4,58.9928,0,1,1,1
Senior,High,8,59.9074,1,1,1,1
Young,Low,9,39.3539,0,0,1,1
Senior,High,9,56.645,1,0,1,1
Young,Low,10,56.8085,0,0,0,1
Senior,High,4,66.89,0,0,1,1
Young,High,1,100.0,0,0,1,1
Young,High,3,64.6866,0,1,1,1
Senior,High,9,66.8977,0,0,1,1
Senior,Low,4,61.2468,1,0,0,0
Senior,High,5,76.0657,1,0,1,1
Young,Low,7,48.8912,0,0,0,1
Young,High,5,93.4406,0,0,1,1
Senior,High,4,63.1376,1,1,1,1
Senior,High,2,59.0722,1,1,1,0
Senior,High,2,79.5506,0,0,1,1
Senior,High,4,51.6362,0,0,1,1
Young,High,10,75.7888,0,0,1,1
Senior,High,10,86.0776,0,1,1,1
Young,High,9,61.3799,0,0,1,1
Young,Low,8,95.7926,0,0,0,1
Young,Low,3,74.6644,0,0,1,1
Senior,High,9,74.8504,1,0,1,1
Young,High,5,85.488,1,0,1,1
Young,Low,3,89.461,0,1,0,1
Senior,Low,5,68.9276,0,0,0,1
Young,Low,10,76.9536,0,0,0,1
Senior,High,4,85.9451,1,1,1,1
Young,Low,8,47.5728,0,0,1,1
Young,Low,5,39.0575,0,0,1,1
Senior,Low,10,64.1367,1,1,0,1
Young,Low,8,38.6976,0,1,0,1
Young,High,9,60.2901,0,0,1,1
Young,High,4,69.7156,0,0,0,1
Young,Low,7,60.8654,0,1,0,1
Senior,Low,2,62.8761,1,1,0,0
Young,High,6,49.975,0,0,1,1
Senior,High,8,76.8222,1,0,1,1
Young,High,7,49.048,1,0,1,1
Senior,High,7,33.4565,1,0,1,1
Senior,Low,8,61.8899,1,0,0,1
Senior,Low,7,78.7253,1,0,1,1
Young,High,5,66.1975,0,0,0,1
Young,High,7,47.528,0,1,1,1
Young,High,10,66.5293,0,0,1,1
Senior,High,3,71.5746,1,0,1,1
Senior,Low,5,66.3548,0,1,0,1
Senior,Low,7,61.0312,1,1,0,1
Young,Low,9,72.2906,0,0,0,1
Senior,High,2,38.9236,0,0,1,1
Senior,Low,4,51.5907,1,0,0,0
Young,Low,7,45.4219,0,0,0,1
Young,Low,1,85.2258,0,0,0,1
Senior,High,2,75.6805,0,0,0,1
Senior,High,9,67.7769,0,1,0,1
Senior,High,10,43.2407,0,0,1,1
Young,High,7,76.1622,0,1,1,1
Senior,High,10,85.7981,0,1,1,1
Young,High,7,73.5724,1,0,1,1
Young,High,6,64.4723,1,0,1,1
Young,Low,3,74.4758,0,1,0,0
Senior,High,10,69.0937,1,0,1,1
Senior,High,3,78.8911,1,0,0,1
Senior,Low,2,78.5553,1,1,1,1
Young,Low,6,61.684,1,0,0,1
Senior,Low,4,55.0904,1,0,0,1
Young,Low,5,59.0027,0,0,0,1
Senior,Low,3,73.0378,1,0,1,1
Young,Low,6,59.9084,0,1,0,1
Young,High,3,53.7421,0,0,1,1
Young,High,8,64.9857,0,0,1,1
Young,High,9,81.6119,0,0,1,1
Senior,High,4,67.0266,0,1,0,1
Senior,High,9,60.8567,0,0,1,1
Young,Low,7,69.8065,1,0,1,1
Senior,Low,3,66.2606,0,0,1,1
Young,Low,7,35.9954,0,1,0,1
Senior,High,1,75.4514,0,0,1,1
Senior,Low,3,71.1119,0,0,1,1
Senior,Low,6,65.2426,0,1,1,1
Young,High,4,80.9354,0,0,1,1
Senior,Low,7,83.195,0,1,0,1
Senior,High,3,76.9815,1,1,0,0
Young,High,1,52.2455,1,0,0,0
Young,Low,9,52.7643,0,0,1,1
Senior,High,6,81.76,1,0,1,1
Senior,High,8,36.8416,0,0,1,1
Senior,Low,3,62.7673,0,0,0,1
Senior,Low,8,71.5974,0,1,0,1
Senior,High,2,38.7439,1,0,1,0
Young,High,4,68.5151,0,0,1,1
Young,High,3,79.3164,0,1,1,1
Young,Low,10,42.7164,0,0,1,1
Senior,High,1,89.8726,0,1,1,1
Young,High,7,49.8525,0,1,1,1
Senior,Low,10,73.621,1,1,1,1
Senior,Low,2,63.7461,1,0,1,0
Senior,High,4,66.0427,1,0,0,0
Young,Low,9,45.7476,0,0,0,1
Senior,Low,6,83.9071,1,0,0,1
Young,High,8,69.8883,0,0,1,1
Senior,High,2,89.3126,1,1,1,1
Young,Low,7,46.1387,1,0,0,1
Young,High,6,62.2815,1,1,1,1
Senior,Low,9,68.1429,1,0,0,1
Young,High,7,65.9057,0,0,0,1
Young,High,1,75.0018,0,0,1,1
Senior,High,8,62.0912,1,1,1,1
Senior,High,10,96.8304,1,0,1,1
Senior,High,3,65.5976,0,1,1,1
Senior,High,2,30.0,0,0,1,1
Senior,Low,3,66.263,1,0,0,0
Young,Low,6,83.922,0,0,0,1
Young,Low,3,51.1504,1,0,0,0
Young,Low,10,50.1987,0,0,0,1
Senior,High,5,52.3942,1,1,0,0
Senior,Low,6,48.8528,0,1,0,0
Young,High,8,57.809,0,1,0,1
Young,Low,7,78.6395,0,0,1,1
Senior,Low,8,87.895,1,0,1,1
Young,Low,3,30.0,1,0,0,0
Senior,Low,4,59.3232,1,1,1,1
Senior,Low,6,69.5405,0,1,1,1
Senior,High,7,68.0402,0,0,0,1
Young,High,9,93.4991,0,0,1,1
Senior,Low,1,34.8396,1,0,1,0
Senior,High,8,30.0,1,1,0,0
Senior,Low,8,95.9332,1,0,0,1
Senior,Low,6,76.3015,0,0,0,1
Senior,High,4,56.4294,1,1,0,0
Senior,Low,3,67.574,1,0,1,1
Young,Low,3,68.6483,0,0,0,1
Senior,Low,6,56.0672,1,0,1,1
Senior,Low,8,67.1267,0,1,1,1
Young,Low,7,70.3222,0,0,1,1
Senior,Low,1,95.233,0,0,0,1
Senior,Low,6,79.4518,0,1,0,1
Senior,High,7,91.0898,0,1,0,1
Young,High,7,44.8464,0,0,1,1
Young,Low,9,59.792,0,0,0,1
Senior,High,10,68.6337,1,0,1,1
Senior,Low,5,36.1835,0,0,1,1
Young,Low,1,82.7279,0,0,0,1
Senior,High,2,74.6331,0,0,1,1
Senior,Low,4,59.4926,1,0,0,0
Senior,Low,5,62.25,0,1,0,1
Senior,High,9,83.808,0,0,0,1
Young,High,1,53.0684,0,0,1,1
Young,High,3,84.4128,0,0,1,1
Young,High,5,61.2194,0,0,0,1
Senior,Low,3,76.3399,0,0,0,1
Young,High,4,66.3015,0,0,1,1
Young,Low,3,98.4979,0,0,0,1
Young,High,4,51.6891,1,0,1,1
Senior,High,1,56.4008,1,0,0,0
Senior,Low,8,42.4081,0,0,0,1
Young,Low,4,48.5486,0,0,1,1
Young,High,7,75.6969,0,0,0,1
Senior,High,2,89.0025,0,0,1,1
Young,High,2,77.3972,0,0,0,1
Young,High,6,64.9191,0,0,1,1
Young,Low,2,51.5958,0,0,0,1
Young,High,6,78.4763,1,1,1,1
Young,High,2,50.771,0,0,1,1
Young,High,4,44.7657,0,0,1,1
Young,Low,7,60.373,0,1,1,1
Senior,Low,8,34.4909,1,0,1,1
Young,High,3,44.2792,0,0,1,1
Senior,Low,9,93.2899,1,0,1,1
Senior,High,2,41.4979,1,0,1,1
Young,High,8,47.1778,1,0,0,1
Senior,Low,8,66.0775,0,0,1,1
Young,Low,4,66.8586,0,0,0,1
Senior,Low,1,61.4806,0,0,0,0
Young,Low,1,34.9494,0,0,1,0
Young,High,2,77.7273,0,0,1,1
Young,Low,9,58.3542,0,0,0,1
Senior,High,2,83.3067,1,1,0,0
Senior,Low,2,55.3277,1,0,0,0
Senior,High,6,79.7374,1,0,1,1
Young,Low,7,84.4413,1,0,0,1
Senior,High,7,57.9959,0,0,1,1
Young,High,9,78.2068,1,0,0,1
Senior,Low,6,45.0718,1,0,1,1
Young,High,8,68.9553,1,0,0,1
Young,Low,6,83.3334,0,0,0,1
Young,High,2,72.7774,0,0,1,1
Young,High,1,100.0,0,0,1,1
Senior,High,5,73.6154,0,0,1,1
Young,High,9,59.5209,0,0,1,1
Senior,Low,8,100.0,0,1,0,1
Young,High,4,89.5055,0,0,0,1
Senior,Low,5,40.9564,0,0,0,0
Young,Low,5,53.2375,0,0,1,1
Young,High,6,49.4276,1,0,1,1
Senior,Low,3,74.6844,1,1,0,0
Young,Low,5,73.5674,0,1,1,1
Young,Low,2,73.4518,0,1,0,1
Senior,High,10,40.5514,1,0,1,1
Senior,High,1,55.4286,1,0,1,0
Young,Low,1,62.7607,1,0,1,1
Young,Low,10,37.6712,0,0,0,1
Senior,Low,7,51.9226,1,0,1,1
Young,High,2,85.3465,0,0,1,1
Young,Low,4,41.6889,0,0,0,1
Young,High,5,86.8289,0,1,1,1
Senior,High,7,81.3672,1,0,1,1
Senior,High,2,60.6389,0,0,1,1
Young,Low,6,55.2669,0,0,0,1
Young,High,1,77.4774,0,1,1,1
Young,High,7,53.1839,0,0,1,1
Senior,Low,9,53.93,1,0,1,1
Young,High,5,64.642,0,0,1,1
Young,High,5,33.0465,1,0,0,0
Senior,High,4,43.2504,1,0,0,0
Young,Low,3,60.2651,0,0,1,1
Senior,Low,9,72.1354,1,0,1,1
Young,High,5,52.9764,0,0,1,1
Young,Low,8,62.0358,0,0,1,1
Young,Low,9,40.7981,0,0,0,1
Senior,High,5,78.9873,1,0,1,1
Senior,Low,10,68.3012,0,0,1,1
Senior,Low,9,69.6282,1,0,0,1
Young,Low,2,72.3238,0,0,1,1
Senior,High,9,66.1719,1,1,0,0
Young,Low,4,57.7434,0,0,0,1
Young,Low,6,81.9448,0,0,0,1
Senior,High,6,67.3532,0,1,1,1
Young,High,6,62.5142,0,1,1,1
Young,High,2,64.8702,1,0,1,1
Young,High,7,64.5505,0,0,1,1
Young,Low,6,62.3635,0,1,0,1
Young,High,1,71.6916,0,0,1,1
Senior,High,2,50.9621,1,0,1,0
Young,Low,7,52.0581,0,0,0,1
Senior,High,1,73.389,1,0,1,1
Senior,Low,1,62.8214,1,0,0,0
Young,High,1,79.5709,0,1,1,1
Young,High,8,71.1332,0,0,0,1
Young,High,4,56.7106,1,0,1,1
Senior,High,4,73.6264,1,1,1,1
Young,High,2,82.9579,0,0,0,1
Senior,Low,1,71.7047,1,0,0,0
Young,Low,10,74.9838,0,0,0,1
Senior,High,9,62.4234,1,1,1,1
Young,Low,7,79.8956,0,0,0,1
Young,Low,4,56.2896,1,1,0,0
Senior,Low,6,70.0781,0,0,0,1
Senior,High,2,100.0,1,0,1,1
Young,High,7,73.0832,0,0,0,1
Senior,High,2,58.6893,0,0,1,1
Young,Low,10,58.6506,1,0,0,1
Senior,Low,8,63.9299,0,0,0,1
Senior,High,8,77.7687,1,1,1,1
Young,High,1,67.1867,0,0,0,0
Young,Low,8,55.2721,0,0,1,1
Young,Low,2,55.2455,0,1,1,0
Senior,Low,6,67.2807,1,0,0,1
Senior,Low,1,65.6359,1,0,1,1
Young,High,5,71.8246,1,0,1,1
Young,Low,7,78.7623,0,1,1,1
Senior,Low,10,100.0,0,0,0,1
Senior,High,1,43.0695,0,0,1,0
Senior,Low,2,75.3029,0,0,1,1
Young,Low,7,66.4746,0,0,0,1
Young,High,6,37.3314,0,0,0,1
Young,Low,3,83.743,1,1,0,0
Senior,Low,10,71.3176,1,0,0,1
Young,Low,2,76.9971,0,1,0,1
Senior,High,10,39.5087,0,0,0,1
Young,High,4,61.6937,0,1,0,1
Senior,Low,3,48.812,1,0,1,0
Senior,High,7,97.4465,1,1,1,1
Senior,Low,8,82.1683,1,0,0,1
Young,Low,2,54.7855,0,0,0,0
Young,High,10,41.9504,1,0,1,1
Young,Low,7,67.9108,1,0,0,1
Senior,Low,8,81.3863,1,0,1,1
Senior,High,6,38.9742,1,0,1,1
Senior,Low,6,51.0234,0,1,1,1
Senior,Low,10,48.4162,0,0,1,1
Senior,Low,1,78.0042,0,0,0,1
Young,Low,4,59.4526,0,1,0,0
Senior,High,1,60.081,1,1,1,0
Young,Low,4,67.6198,0,0,0,1
Young,Low,2,51.8258,0,0,0,0
Senior,Low,5,43.3447,0,0,0,1
Young,Low,10,85.5453,1,0,0,1
Young,High,9,86.9373,0,0,1,1
Senior,Low,10,67.6937,1,1,0,1
Young,High,3,68.7823,0,1,1,1
Senior,High,8,83.9152,1,0,1,1
Young,High,3,67.3498,0,0,1,1
Young,Low,6,58.7138,1,0,1,1
Young,Low,4,65.5901,0,0,1,1
Young,Low,8,85.8975,0,0,0,1
Senior,Low,6,65.7998,1,0,0,1
Young,Low,8,54.9593,1,0,0,1
Senior,Low,1,67.205,1,1,1,0
Young,High,6,74.8433,0,0,1,1
Senior,High,1,73.0438,1,1,1,1
Senior,High,1,73.2924,1,0,0,0
Senior,Low,8,52.5998,0,1,1,1
Young,Low,7,76.5516,0,0,1,1
Young,High,3,65.427,1,0,1,0
Young,High,6,54.3231,1,0,1,1
Senior,Low,9,76.4323,0,0,0,1
Young,High,7,58.1954,1,0,0,1
Young,Low,3,41.3855,0,0,1,1
Senior,Low,6,49.991,1,1,0,0
Young,High,4,62.2754,0,0,1,1
Senior,High,3,73.6745,0,0,1,1
Young,Low,9,52.039,1,0,1,1
Young,Low,10,61.3901,0,0,1,1
Senior,Low,2,46.7509,0,0,1,0
Young,Low,1,79.7305,1,1,0,0
Senior,High,2,90.76,1,1,1,1
Young,Low,7,89.1392,1,0,1,1
Young,Low,10,79.4747,0,0,0,1
Senior,Low,1,77.9376,0,1,0,1
Senior,High,6,33.9218,1,0,0,0
Senior,Low,7,67.6576,0,0,0,1
Young,Low,9,57.5586,1,1,0,1
Senior,High,8,78.207,0,0,1,1
Young,High,6,30.0,1,0,1,1
Young,Low,3,67.8945,0,1,0,0
Senior,High,8,61.7833,0,0,0,1
Young,High,7,81.7764,0,0,0,1
Senior,High,3,88.2198,0,0,1,1
Young,Low,9,51.0673,0,1,0,1
Young,Low,2,51.7443,0,1,0,0
Senior,Low,3,68.4574,0,0,0,1
Senior,High,2,91.0064,0,0,0,1
Senior,Low,1,65.9022,1,1,0,0
Senior,Low,4,45.8126,1,0,0,0
Senior,Low,5,55.912,1,0,0,1
Senior,Low,6,68.04,1,0,0,1
Senior,High,5,68.603,1,0,0,1
Young,Low,1,54.4387,0,0,0,1
Young,High,3,55.6131,0,0,1,1
Young,Low,1,50.2765,1,0,1,0
Senior,High,5,82.1176,0,0,1,1
Senior,High,5,52.4784,1,0,1,1
Young,High,6,58.0281,1,0,1,1
Senior,Low,8,57.6012,0,1,0,1
Senior,High,10,40.9106,0,1,0,1
Young,Low,1,52.0488,0,0,1,1
Senior,High,4,83.4221,0,1,1,1
Senior,High,10,46.8607,0,1,0,1
Young,Low,1,50.5454,0,0,0,0
Senior,High,9,45.0118,1,1,1,1
Young,High,7,63.6408,0,0,1,1
Senior,Low,7,93.2822,0,1,1,1
Senior,High,5,63.0096,1,0,1,1
Senior,High,7,66.0014,1,0,1,1
Young,High,2,53.0683,1,0,0,0
Senior,Low,4,64.0757,1,0,0,1
Senior,Low,7,83.4358,1,0,0,1
Young,Low,3,67.1436,0,1,0,0
Senior,Low,2,96.9766,0,0,0,1
Young,High,10,83.8922,0,0,1,1
Senior,High,2,63.7053,1,0,1,1
Young,Low,1,63.4132,1,0,1,1
Young,High,5,89.4638,0,0,1,1
Young,High,6,67.0599,1,0,0,1
Senior,High,6,86.1338,1,1,0,1
Young,High,9,95.0436,1,0,1,1
Senior,Low,4,61.9367,0,0,0,1
Young,High,1,70.2793,1,1,1,0
Young,Low,6,79.7001,0,0,0,1
Senior,High,5,76.5125,0,0,1,1
Senior,Low,10,76.4074,1,1,1,1
Young,High,6,44.9979,0,0,1,1
Senior,High,3,52.2737,0,0,1,1
Senior,Low,2,57.571,0,0,0,0
Senior,Low,6,83.2163,0,0,0,1
Young,High,1,46.4694,1,1,1,0
Young,High,7,87.8484,0,1,1,1
Senior,High,7,76.6975,1,1,1,1
Young,High,10,82.3135,0,0,1,1
Senior,High,7,51.057,1,0,1,1
Senior,High,10,66.0845,1,0,1,1
Senior,High,1,69.4841,1,0,1,1
Senior,High,4,68.8245,0,0,1,1
Senior,Low,7,69.4349,1,0,0,1
Young,Low,9,60.8521,0,0,0,1
Senior,Low,5,67.0281,0,1,1,1
Young,High,2,80.5035,0,0,1,1
Young,High,7,47.5023,0,0,1,1
Senior,Low,10,88.2058,1,1,1,1
Senior,High,1,79.7285,0,1,0,1
Senior,High,7,50.522,1,1,1,1
Senior,Low,6,70.7575,0,0,1,1
Young,Low,7,78.5225,0,1,1,1
Young,Low,10,46.4706,0,0,0,1
Senior,High,3,65.6297,0,1,0,0
Young,High,3,63.8223,0,0,1,1
Young,Low,7,55.3163,0,1,0,1
Young,High,2,66.3854,0,0,1,1
Young,Low,1,55.9957,0,1,0,0
Young,Low,9,85.6146,0,0,1,1
Young,Low,9,55.6003,0,0,1,1
Young,High,7,76.8797,0,0,1,1
Young,High,7,40.1692,0,0,1,1
Senior,Low,3,62.5729,0,0,0,1
Young,Low,10,65.1847,0,0,0,1
Young,Low,2,62.0856,0,0,1,1
Senior,High,7,59.0552,1,1,1,1
Young,High,9,54.9873,0,0,1,1
Senior,Low,1,76.3181,1,0,0,1
Senior,Low,4,79.9919,0,0,1,1
Young,Low,6,63.7676,0,1,0,1
Young,High,7,48.5504,0,0,1,1
Senior,Low,10,91.9092,1,0,0,1
Senior,Low,7,51.803,1,0,0,1
Young,Low,10,43.1087,1,0,1,1
Senior,High,2,34.8107,1,0,0,0
Young,High,4,66.4918,0,0,1,1
Senior,Low,5,61.7388,1,1,0,0
Young,High,1,80.4643,1,1,1,0
Senior,High,1,74.1663,1,0,1,1
Senior,Low,10,69.353,1,0,0,1
Senior,High,3,60.9295,1,1,1,0
Senior,Low,10,81.6497,1,0,1,1
Young,High,3,93.0108,0,0,1,1
Young,Low,8,80.1347,0,0,1,1
Young,Low,9,58.047,0,0,1,1
Young,High,1,76.7235,0,0,1,1
Senior,High,2,58.9687,0,1,1,1
Young,High,10,48.424,0,0,1,1
Young,High,2,51.5144,0,0,1,1
Senior,Low,4,59.6273,1,0,0,1
Senior,Low,2,66.5594,1,1,1,0
Senior,High,7,95.9087,0,0,1,1
Senior,High,9,51.7747,0,0,0,1
Young,High,7,84.8523,0,0,0,1
Young,Low,6,60.2411,0,1,0,1
Senior,High,10,34.7542,0,0,0,1
Senior,Low,1,57.4141,0,0,0,0
Young,Low,10,82.6505,1,1,0,1
Senior,Low,9,70.17,1,1,0,1
Young,High,5,71.0668,0,0,1,1
Young,Low,5,84.9276,1,0,1,1
Senior,High,6,49.455,0,0,1,1
Senior,High,9,49.2237,1,0,1,1
Senior,Low,8,31.0441,0,0,0,1
Young,Low,8,78.1562,0,0,0,1
Senior,High,8,73.4373,1,1,1,1
Young,High,1,75.8595,0,0,1,1
Young,High,1,47.2548,0,1,0,0
Senior,High,8,40.9363,0,0,1,1
Senior,High,5,45.2057,1,1,1,1
Senior,High,9,51.1614,1,0,1,1
Senior,High,2,88.3094,0,0,1,1
Senior,Low,9,80.0019,1,0,1,1
Senior,Low,8,58.1267,1,1,1,1
Young,Low,9,69.4888,0,0,1,1
Young,High,4,54.8246,0,0,1,1
Young,Low,1,70.4642,0,1,0,0
Young,Low,1,47.9286,0,0,1,1
Senior,Low,5,76.2538,1,1,0,0
Young,Low,2,52.2545,1,0,1,0
Young,Low,8,77.0887,0,0,0,1
Young,Low,10,58.5887,1,0,1,1
Senior,High,5,53.1489,1,0,1,1
Young,Low,5,89.195,1,0,0,1
Senior,Low,2,67.6542,1,0,0,0
Young,Low,7,60.1673,1,0,0,1
Young,Low,8,76.3727,0,0,0,1
Senior,High,10,44.9001,0,1,1,1
Senior,High,1,81.603,1,0,1,1
Young,Low,2,62.9083,0,0,0,1
Senior,Low,10,74.0118,1,0,1,1
Senior,Low,4,41.7819,1,0,0,0
Young,High,5,59.2636,0,0,1,1
Senior,High,2,65.0687,0,0,1,1
Senior,Low,1,80.4545,0,0,1,1
Senior,Low,9,75.2062,0,0,0,1
Senior,Low,1,59.1128,0,0,0,0
Senior,High,4,69.7692,0,1,0,1
Senior,Low,2,83.8485,0,0,1,1
Senior,High,4,62.0002,0,1,1,1
Senior,Low,8,60.367,1,0,1,1
Senior,High,8,36.6544,0,1,1,1
Senior,High,9,60.8139,1,0,0,1
Senior,Low,5,38.9056,0,1,0,0
Young,Low,7,63.285,0,0,0,1
Senior,High,3,79.822,0,0,1,1
Senior,Low,10,33.2054,0,1,1,1
Young,High,4,83.5131,0,0,1,1
Senior,High,10,60.0467,0,0,1,1
Young,High,9,64.5925,0,0,0,1
Young,High,10,57.4637,0,0,1,1
Senior,Low,10,39.3014,1,0,0,1
Young,High,1,53.2552,0,0,1,1
Senior,High,2,96.4612,1,1,1,1
Senior,Low,5,48.5593,1,0,0,0
Senior,High,3,41.1719,0,0,1,1
Young,Low,2,67.1194,0,0,1,1
Young,High,1,63.7134,0,0,0,0
Senior,Low,10,60.1501,0,1,0,1
Senior,High,3,65.2167,0,0,1,1
Senior,High,1,74.663,0,0,1,1
Young,High,1,56.1925,0,0,1,1
Senior,High,1,67.9162,0,1,1,0
Senior,High,8,80.3581,0,0,0,1
Senior,Low,3,50.0707,0,1,0,0
Young,Low,1,30.1673,1,0,1,0
Senior,Low,7,75.0621,0,0,1,1
Senior,Low,10,100.0,0,1,0,1
Senior,High,3,64.8897,1,0,0,0
Young,High,8,68.029,0,0,1,1
Senior,High,4,60.5629,0,1,0,1
Senior,High,4,88.8209,1,0,1,1
Young,Low,5,63.8336,0,0,0,1
Senior,Low,6,62.2015,1,0,0,1
Senior,High,7,78.663,0,0,0,1
Young,High,4,57.7359,1,0,1,1
Young,Low,8,45.7296,0,0,1,1
Senior,Low,6,78.2345,1,0,1,1
Young,High,1,56.1268,0,1,1,0
Senior,Low,1,50.3681,0,1,0,0
Young,Low,9,96.5007,0,0,0,1
Senior,High,10,62.321,1,1,1,1
Young,High,6,72.4134,0,1,1,1
Senior,Low,10,65.4429,1,0,0,1
Senior,Low,8,51.7052,1,1,0,0
Senior,Low,7,75.3415,1,0,1,1
Senior,High,6,69.7187,1,0,1,1
Young,High,4,55.1093,0,0,0,1
Senior,Low,7,71.4979,1,0,0,1
Young,Low,9,57.2853,0,0,0,1
Young,High,10,48.4326,0,0,0,1
Young,Low,10,46.915,0,0,0,1
Young,Low,7,69.0509,1,0,0,1
Senior,Low,1,59.259,1,0,0,0
Senior,Low,10,87.5256,1,0,0,1
Young,Low,9,64.3556,0,0,1,1
Young,High,4,53.222,1,1,1,1
Senior,Low,3,67.3673,1,1,1,0
Young,High,4,45.586,0,1,1,1
Young,Low,4,63.738,0,0,1,1
Young,High,10,69.7875,0,1,0,1
Senior,Low,2,67.9351,0,0,0,1
Senior,High,1,84.542,1,1,1,1
Young,High,10,100.0,0,1,1,1
Young,High,1,75.071,0,1,1,1
Senior,High,8,82.6819,0,0,1,1
Senior,Low,2,100.0,0,1,1,1
Young,Low,10,49.9066,1,0,1,1
Senior,Low,5,66.9594,1,0,0,1
Young,High,4,57.8301,0,0,1,1
Young,High,8,77.6399,0,0,1,1
Senior,High,2,69.0743,0,0,1,1
Young,High,10,52.7235,0,0,1,1
Senior,Low,9,65.1642,0,0,0,1
Young,High,7,80.7038,1,1,0,1
Young,High,7,45.4441,0,0,1,1
Senior,High,1,53.0398,0,1,1,1
Young,High,2,50.7909,0,0,1,1
Senior,Low,4,69.8959,1,0,0,0
Young,Low,4,83.6077,0,1,0,1
Young,High,3,34.854,0,0,1,1
Young,High,7,66.416,1,1,1,1
Senior,High,8,51.1367,0,1,1,1
Young,High,2,80.081,1,0,1,1
Senior,High,4,61.4455,0,0,1,1
Young,Low,3,66.9601,0,0,1,1
Senior,Low,2,64.9799,1,1,0,0
Young,Low,6,81.8633,0,0,0,1
Senior,High,4,95.7295,1,0,1,1
Senior,High,6,47.98,1,0,1,1
Senior,Low,2,50.7117,0,0,0,0
Senior,Low,4,69.8225,1,0,0,1
Senior,Low,6,52.754,0,0,0,1
Senior,High,5,79.0038,1,1,1,1
Young,Low,3,81.4118,1,0,0,1
Young,High,8,56.8014,0,0,1,1
Senior,Low,7,53.5469,0,1,0,0
Senior,Low,3,60.8783,1,1,1,1
Senior,Low,6,66.5603,1,0,1,1
Young,High,4,69.7226,1,1,0,0
Young,Low,5,31.2077,0,1,1,0
Young,High,5,50.4882,0,0,1,1
Senior,High,7,58.9385,0,0,1,1
Young,High,5,53.0452,0,0,1,1
Young,Low,3,30.0,0,1,1,0
Young,High,10,36.6744,1,0,0,1
Young,High,5,45.4196,0,0,1,1
Senior,Low,7,63.2707,1,0,1,1
Young,High,5,58.457,0,1,1,1
Senior,Low,5,55.5265,1,0,1,1
Young,High,9,76.9477,0,1,1,1
Young,High,3,76.942,0,0,1,1
Young,Low,6,67.2488,0,0,1,1
Young,High,1,66.8018,1,0,1,0
Young,High,10,52.1501,0,0,1,1
Young,Low,5,53.9451,1,1,1,1
Senior,Low,8,39.3853,1,1,0,0
Young,Low,5,61.2387,0,1,0,1
Senior,High,9,76.7861,1,0,1,1
Senior,High,6,85.3149,0,1,0,1
Senior,Low,8,61.3283,0,0,1,1
Young,Low,10,72.375,0,0,0,1
Young,Low,8,30.0,1,0,0,0
Young,Low,3,58.5061,0,1,0,0
Young,Low,7,58.1546,0,0,0,1
Senior,High,7,87.3675,1,1,1,1
Young,High,10,70.894,0,0,1,1
Young,Low,6,72.4138,0,1,1,1
Senior,High,7,71.6349,1,0,1,1
Senior,High,2,65.6816,1,1,0,0
Senior,Low,9,87.9855,0,0,0,1
Young,Low,10,30.4208,0,0,0,1
Young,High,10,67.1932,0,0,1,1
Senior,High,1,81.947,1,1,0,0
Young,High,1,36.6291,0,0,1,1
Young,Low,3,77.5688,0,0,0,1
Young,Low,3,53.5826,0,0,1,1
Young,High,1,66.6472,1,0,1,1
Young,High,7,53.2946,0,1,1,1
Young,Low,4,79.3873,0,0,0,1
Senior,High,10,60.6746,1,1,0,1
Senior,Low,2,77.687,1,0,1,1
Senior,Low,10,71.5299,0,0,1,1
Young,High,5,53.0931,0,0,1,1
Young,Low,6,72.5279,0,0,0,1
Young,High,9,55.0465,0,0,1,1
Senior,High,4,65.9619,1,0,1,1
Senior,Low,2,60.4011,0,0,0,1
Young,High,5,78.4987,0,0,1,1
Senior,Low,3,73.1048,1,0,0,1
Young,Low,2,64.5392,0,0,1,1
Senior,High,1,54.7143,1,0,1,1
Senior,High,10,45.9651,1,0,0,1
Senior,High,2,67.0348,1,1,1,0
Senior,High,6,55.5156,1,0,1,1
Senior,High,8,36.8301,1,0,1,1
Young,High,3,45.0496,0,0,1,1
Senior,High,9,89.3881,1,1,1,1
Young,Low,9,55.1004,0,0,1,1
Senior,Low,2,81.2324,1,1,0,0
Senior,Low,8,59.6503,1,0,0,1
Senior,High,10,83.5937,0,0,1,1
Young,High,5,82.5075,1,1,1,1
Senior,Low,4,52.6146,1,0,0,1
Senior,High,10,35.1804,0,1,0,1
Senior,High,5,36.4502,1,1,1,0
Young,Low,4,52.8701,0,0,1,1
Young,Low,8,93.3445,0,0,0,1
Young,Low,4,58.8416,0,0,0,1
Young,High,10,67.1787,0,0,1,1
Senior,Low,6,84.5501,1,0,0,1
Young,Low,2,66.6548,1,0,1,1
Senior,Low,5,66.1384,1,1,1,1
Young,Low,6,74.3399,1,0,0,1
Young,Low,5,69.3345,0,0,1,1
Senior,Low,2,63.508,1,0,0,0
Senior,High,7,54.1783,1,0,1,1
Young,Low,4,66.1773,0,1,1,1
Senior,Low,8,81.416,1,1,0,1
Senior,Low,7,91.7301,0,0,1,1
Young,High,7,69.3841,0,0,1,1
Senior,High,9,76.3274,1,0,1,1
Senior,Low,1,69.046,1,0,0,0
Senior,Low,10,63.6901,1,1,0,1
Young,Low,6,72.7139,1,0,1,1
Senior,Low,6,82.84,0,0,0,1
Young,Low,6,51.7046,1,0,0,1
Young,Low,6,43.229,0,0,0,1
Young,Low,10,57.0049,0,1,0,1
Young,Low,7,68.1749,0,0,0,1
Senior,Low,10,78.0481,0,1,0,1
Senior,High,6,50.1574,1,0,0,1
Senior,High,1,30.0,1,0,1,0
Young,Low,3,57.3583,0,0,1,1
Young,High,2,62.0913,0,0,0,0
Young,High,6,47.5659,0,0,1,1
Senior,High,8,53.6586,1,0,1,1
Young,High,3,78.0093,0,0,0,1
Senior,High,10,66.1718,1,0,0,1
Senior,High,8,70.1843,0,1,0,1
Young,Low,8,59.6648,0,1,1,1
Senior,Low,5,53.6883,0,0,0,1
Young,High,8,59.5565,0,0,1,1
Senior,High,6,72.4832,1,0,1,1
Senior,Low,5,42.6302,1,0,0,0
Young,High,9,89.7526,0,0,1,1
Young,Low,7,73.6229,0,0,1,1
Senior,Low,8,56.9618,0,0,0,1
Senior,Low,1,77.2011,1,1,0,0
Young,High,2,83.3352,0,0,1,1
Senior,Low,8,60.0449,1,0,1,1
Senior,High,9,61.7512,0,0,1,1
Senior,Low,4,87.4021,1,1,1,1
Young,Low,10,96.7846,1,1,0,1
Senior,High,10,65.4415,1,1,0,1
Senior,High,9,47.6268,1,1,1,1
Young,High,4,57.941,1,0,0,0
Young,Low,10,80.4952,0,0,0,1
Senior,High,10,49.5468,0,0,1,1
Young,Low,10,61.8758,0,0,0,1
Senior,High,9,69.3888,1,0,1,1
Young,Low,7,51.1593,0,0,1,1
Young,Low,2,81.4465,0,0,0,1
Senior,Low,9,75.4095,0,0,1,1
Young,Low,4,95.1432,0,0,0,1
Senior,High,8,76.7219,0,1,1,1
Young,High,7,50.5867,1,0,1,1
Senior,Low,7,72.9555,1,1,0,1
Young,High,8,79.8203,0,1,0,1
Young,High,1,80.5922,1,0,1,1
Senior,High,5,53.3474,1,0,1,1
Young,High,2,51.5549,1,1,1,0
Senior,High,2,47.9054,1,0,1,0
Young,Low,1,89.071,1,0,0,1
Senior,High,5,74.3432,1,0,0,1
Young,Low,2,52.6817,0,0,1,1
Senior,High,4,66.9078,0,0,1,1
Young,Low,3,63.1447,0,0,0,1
Young,High,3,50.4113,0,1,1,0
Young,Low,2,65.5428,0,0,0,0
Young,Low,6,67.8604,0,0,1,1
Senior,High,2,93.9688,0,1,0,0
Young,Low,8,55.1647,0,0,1,1
Senior,Low,8,39.359,1,0,0,1
Young,Low,5,49.2657,0,1,0,0
Young,Low,10,51.6103,1,1,1,1
Senior,High,7,58.5961,0,0,1,1
Senior,Low,4,49.3024,1,1,1,0
Young,High,1,77.3318,0,0,0,1
Young,High,2,48.2595,0,1,1,0
Young,Low,10,65.3003,1,0,0,1
Senior,High,10,95.0029,0,0,1,1
Senior,Low,4,73.3035,0,1,1,1
Young,Low,1,71.7614,0,1,0,0
Senior,Low,8,92.8597,1,0,1,1
Senior,Low,9,83.6847,1,0,0,1
Senior,High,4,73.4769,0,0,0,1
Senior,High,10,60.3391,0,1,0,1
Young,High,3,64.6597,0,0,1,1
Young,High,2,63.9304,1,0,1,1
Young,High,5,58.9786,1,0,0,1
Young,High,3,68.1805,0,0,1,1
Senior,Low,10,70.2612,1,0,0,1
Senior,Low,7,46.3306,1,0,0,0
Young,High,6,89.4806,1,0,1,1
Young,Low,1,71.147,0,0,1,1
Young,High,8,61.0583,1,0,1,1
Senior,High,2,68.3176,0,1,1,1
Young,Low,5,78.9555,1,0,1,1
Senior,Low,9,42.9997,1,0,0,1
Young,Low,8,63.4241,0,0,0,1
Young,High,2,47.2122,0,1,1,0
Senior,Low,9,100.0,1,0,0,1
Senior,Low,5,67.0728,1,0,1,1
Young,Low,10,47.3338,0,1,1,1
Senior,Low,6,100.0,1,0,1,1
Senior,Low,3,56.9597,1,1,0,0
Senior,Low,3,61.8638,0,1,1,1
Young,Low,10,62.948,0,1,0,1
Senior,Low,8,52.2807,0,1,0,1
Young,Low,10,68.7103,1,0,0,1
Senior,High,10,31.8389,1,1,0,0
Young,Low,2,81.2885,0,0,0,0
Young,High,2,48.0829,0,1,1,1
Young,High,5,58.7702,1,1,0,1
Senior,Low,6,76.2728,1,0,1,1
Young,Low,2,61.9331,1,0,1,0
Senior,Low,5,62.5468,1,1,0,0
Senior,High,7,49.8188,1,0,1,1
Young,Low,10,96.4347,1,0,0,1
Senior,High,10,72.9722,0,0,1,1
Young,Low,8,48.7582,0,0,0,1
Senior,Low,7,67.6727,1,0,0,1
Young,Low,8,47.698,0,0,0,1
Senior,Low,9,90.8362,0,0,0,1
Senior,Low,5,67.9946,1,1,1,1
Senior,Low,5,50.3668,0,0,1,1
Senior,High,10,75.4639,1,0,1,1
Young,High,4,60.8289,0,0,1,1
Senior,Low,9,45.6766,1,0,1,1
Senior,Low,5,70.7157,1,0,1,1
Senior,High,2,70.2926,0,0,1,1
Young,Low,10,82.066,0,0,1,1
Senior,High,8,65.9676,0,1,1,1
Senior,Low,7,66.6059,0,0,0,1
Senior,Low,8,67.402,0,1,1,1
Young,Low,3,88.9292,0,1,0,1
Senior,Low,4,60.3489,0,0,1,1
Young,High,5,72.0418,0,0,1,1
Senior,High,6,74.2512,1,0,1,1
Young,Low,1,70.2466,0,0,0,0
Senior,Low,4,59.7814,1,0,1,1
Senior,High,10,66.8091,0,1,1,1
Young,Low,5,63.5951,1,0,0,1
Senior,High,7,94.3882,0,0,0,1
Young,Low,5,58.1335,0,1,0,1
Senior,Low,1,51.3113,0,1,0,0
Senior,High,7,64.907,1,1,0,1
Senior,High,8,63.8495,1,1,1,1
Senior,Low,7,67.9527,0,1,0,1
Senior,Low,4,58.1383,0,1,1,1
Young,Low,8,66.6556,0,0,0,1
Young,Low,5,66.9441,0,0,0,1
Senior,Low,10,78.5898,1,0,1,1
Senior,Low,9,66.3951,0,1,1,1
Senior,Low,10,66.5371,0,0,0,1
Senior,High,5,72.7452,1,1,1,1
Young,High,1,78.0148,0,0,1,1
Senior,High,9,50.2449,0,0,0,1
Young,Low,5,46.2152,0,0,0,1
Senior,High,6,90.4322,0,0,1,1
Young,Low,4,75.5611,1,0,0,0
Young,Low,6,61.7092,0,0,1,1
Young,Low,8,65.2955,0,0,1,1
Young,High,3,59.1116,0,0,1,1
Senior,High,5,68.1692,0,0,0,1
Young,High,2,50.4224,0,0,0,1
Young,High,2,77.6025,0,0,1,1
Young,High,7,67.6318,0,0,1,1
Young,Low,10,68.1744,0,1,1,1
Young,Low,10,51.5909,1,0,0,1
Young,Low,10,72.864,0,0,0,1
Senior,Low,6,51.9354,0,0,0,1
Senior,High,4,54.6177,1,0,1,1
Senior,Low,5,66.3143,1,0,1,1
Young,Low,1,100.0,0,0,0,1
Young,High,7,67.572,1,0,1,1
Senior,Low,8,30.0,1,1,0,0
Senior,High,9,55.3625,1,0,1,1
Young,Low,8,75.2559,0,0,0,1
Young,Low,5,48.0731,1,0,0,0
Young,High,3,77.4665,0,0,1,1
Young,Low,10,67.3823,0,1,1,1
Young,Low,9,79.8699,0,1,0,1
Senior,Low,6,56.6172,1,0,0,0
Senior,High,5,55.4482,1,1,1,1
Senior,Low,3,73.4748,1,0,0,1
Senior,High,6,64.8871,1,0,1,1
Senior,High,3,63.9797,1,1,1,1
Senior,High,10,88.5345,0,1,0,1
Senior,Low,6,74.0621,1,0,1,1
Young,Low,4,35.1512,0,1,0,0
Young,Low,2,76.986,0,0,0,1
Young,Low,8,75.4845,0,0,0,1
Senior,High,4,82.7737,0,0,1,1
Senior,High,9,50.9045,1,0,0,1
Young,High,7,69.8721,0,0,0,1
Senior,High,2,66.6745,1,0,1,1
Young,High,4,50.6355,0,0,1,1
Senior,High,5,79.2015,0,0,1,1
Young,High,3,61.3768,1,0,1,1
Young,High,9,82.291,1,0,0,1
Young,High,5,53.8571,0,0,1,1
Young,High,2,43.0912,1,0,1,0
Young,Low,3,61.3615,1,0,0,0
Young,Low,9,68.4787,0,0,1,1
Senior,Low,7,56.9871,1,1,0,0
Senior,High,2,30.0,1,1,1,0
Young,High,9,70.7547,0,0,1,1
Senior,Low,4,70.6847,1,1,1,0
Senior,High,9,75.3075,1,0,1,1
Young,High,2,59.2926,1,1,1,1
Young,High,10,58.4742,0,0,1,1
Young,High,4,86.6048,0,0,1,1
Young,High,5,41.3689,0,0,0,1
Senior,High,2,61.2932,1,1,1,0
Young,Low,10,67.1345,0,0,0,1
Senior,High,1,74.0903,1,0,1,1
Senior,High,7,67.5465,1,0,1,1
Young,Low,10,51.1701,1,0,1,1
Senior,High,1,82.5142,0,0,1,1
Young,High,8,65.0286,0,1,1,1
Senior,Low,3,39.98,0,0,1,1
Young,High,10,68.1376,1,1,1,1
Senior,High,6,72.1292,1,1,1,1
Senior,High,7,94.4112,1,0,1,1
Young,High,10,71.1313,1,0,1,1
Senior,Low,1,42.7696,1,0,0,0
Senior,Low,6,43.2965,1,0,1,1
Senior,High,7,83.8806,1,1,1,1
Senior,Low,6,52.958,0,0,0,1
Senior,Low,4,41.7563,1,0,0,0
Young,High,1,80.0077,0,0,1,1
Young,Low,9,57.864,0,0,0,1
Senior,High,4,79.2052,0,0,1,1
Young,High,7,51.2792,0,0,1,1
Senior,High,7,87.1072,1,0,1,1
Senior,High,2,78.081,0,0,1,1
Young,High,1,54.1597,0,1,1,0
Young,Low,8,40.0941,0,0,0,1
Senior,High,8,99.5775,0,0,0,1
Young,High,7,61.8469,1,1,1,1
Senior,High,8,53.559,0,0,1,1
Young,Low,3,85.7946,0,0,1,1
Senior,Low,2,79.1864,1,0,0,1
Young,Low,7,82.7419,0,0,1,1
Senior,Low,8,63.5224,0,1,0,1
Young,Low,1,93.2158,0,0,0,1
Senior,High,10,45.3407,0,1,1,1
Young,Low,9,56.7193,1,0,1,1
Senior,Low,4,70.8482,0,0,1,1
Senior,Low,4,82.5217,1,0,1,1
Young,Low,3,74.9174,0,0,1,1
Young,High,6,63.757,1,0,1,1
Young,High,1,57.8728,0,0,1,1
Senior,High,6,82.6027,0,0,1,1
Senior,Low,2,76.4659,1,0,1,1
Senior,High,9,51.8821,0,1,1,1
Young,High,2,51.436,0,0,1,1
Young,Low,7,56.8177,0,0,0,1
Senior,High,1,54.8936,0,1,1,1
Young,Low,7,80.4476,0,0,1,1
Senior,High,5,71.536,1,0,1,1
Young,High,8,73.3668,0,0,1,1
Senior,High,4,67.875,1,0,1,1
Young,Low,10,68.5816,0,0,0,1
Young,High,7,41.2727,0,0,1,1
Senior,High,6,76.9128,1,0,1,1
Senior,Low,5,56.5478,0,0,0,1
Senior,High,4,64.5027,1,0,1,1
Young,Low,7,57.9024,0,0,0,1
Young,Low,5,67.1881,0,1,0,1
Senior,High,5,73.5964,1,0,1,1
Senior,Low,1,49.8672,1,1,0,0
Young,High,2,68.7912,1,0,1,0
Young,Low,5,58.265,0,0,1,1
Young,High,3,84.8219,0,0,1,1
Senior,Low,2,48.2806,0,0,1,1
Young,High,4,49.9623,1,1,1,0
Young,Low,4,59.6064,1,0,0,0
Young,High,4,51.1153,1,0,1,1
Young,High,4,61.6343,0,0,1,1
Young,High,3,57.0817,1,0,1,1
Senior,High,7,66.3262,1,0,1,1
Young,Low,9,80.1211,0,0,0,1
Senior,High,5,66.0692,0,1,1,1
Young,Low,4,67.4353,0,0,0,1
Senior,Low,2,49.1402,1,0,0,0
Senior,Low,2,62.9891,0,0,1,1
Senior,High,5,58.6737,0,0,0,1
Senior,High,7,75.2246,1,0,1,1
Young,Low,10,53.5315,1,1,0,1
Young,High,10,52.0902,0,1,1,1
Senior,High,9,69.7614,1,1,1,1
Senior,Low,7,94.7015,0,1,0,1
Senior,Low,5,62.3608,1,1,1,1
Senior,Low,10,67.5231,1,1,1,1
Senior,High,10,79.2203,0,0,1,1
Young,Low,10,72.6486,0,0,1,1
Young,High,6,72.7472,0,0,1,1
Senior,High,3,63.5721,0,1,1,1
Senior,Low,5,63.864,0,1,1,1
Young,High,8,53.6728,1,0,0,1
Senior,High,1,72.2956,1,0,1,1
Young,High,1,71.9533,0,0,1,1
Senior,Low,7,75.7575,1,0,0,1
Young,Low,5,57.6784,0,0,0,1
Young,Low,5,77.452,0,0,1,1
Senior,Low,1,82.0,1,0,1,1
Young,High,9,46.7906,0,0,1,1
Senior,High,1,60.5469,0,0,1,1
Senior,High,5,82.6254,0,0,1,1
Senior,High,10,55.2567,0,1,1,1
Young,High,9,72.9314,1,0,1,1
Young,Low,4,65.1286,0,0,0,1
Young,High,8,69.9632,0,0,1,1
Senior,High,6,65.5858,1,1,0,0
Senior,High,3,76.1926,0,0,1,1
Senior,High,4,49.6772,1,0,1,1
Senior,Low,2,51.3002,1,1,0,0
Senior,High,1,86.9677,0,1,1,1
Senior,High,8,96.5054,1,0,0,1
Young,Low,1,64.9187,1,0,1,1
Senior,High,1,90.729,0,1,1,1
Young,High,4,53.4234,0,0,1,1
Senior,High,10,57.0262,0,1,0,1
Senior,Low,10,86.8623,0,1,0,1
Senior,Low,6,77.0616,0,0,0,1
Young,Low,9,89.0964,0,0,0,1
Young,High,1,72.0283,1,1,1,0
Young,Low,7,49.8118,0,1,0,1
Young,High,10,68.3537,0,0,1,1
Young,High,5,83.03,0,0,1,1
Senior,High,8,63.009,0,0,1,1
Senior,High,7,60.7035,1,1,0,1
Young,Low,4,72.2578,1,0,0,1
Young,Low,4,56.6074,1,0,0,0
Young,Low,6,69.4325,1,0,1,1
Senior,Low,6,65.9525,1,0,0,1
Senior,Low,9,57.6438,1,1,0,1
Senior,High,5,79.7111,1,0,1,1
Young,High,8,74.6898,1,0,1,1
Senior,Low,5,59.6949,0,0,0,1
Senior,High,2,64.7756,0,0,0,1
Young,Low,6,60.9309,1,0,1,1
Senior,High,9,55.4203,1,0,1,1
Young,High,3,39.526,1,0,1,0
Senior,High,1,57.7426,1,1,1,0
Young,High,1,55.6396,0,1,1,1
Senior,High,3,66.7234,1,0,1,1
Senior,Low,10,71.6105,0,1,0,1
Senior,High,5,52.9672,0,1,0,0
Senior,Low,3,70.6025,0,0,0,1
Young,High,9,50.6563,0,0,1,1
Young,High,8,63.1206,0,0,1,1
Young,High,3,55.9637,0,0,1,1
Young,Low,9,76.1926,0,0,1,1
Senior,High,6,66.7516,1,1,1,1
Young,Low,7,63.3475,0,0,0,1
Senior,High,4,55.6213,1,0,1,1
Senior,Low,4,60.0674,0,1,0,0
Senior,High,2,92.4359,0,0,1,1
Young,Low,5,57.4837,0,0,0,1
Senior,Low,8,72.1911,1,0,1,1
Senior,Low,7,63.3103,0,0,1,1
Young,High,7,71.7624,0,0,0,1
Senior,High,6,77.5546,1,1,1,1
Senior,High,3,59.6903,0,1,1,1
Young,Low,5,75.6466,1,1,1,1
Senior,Low,1,100.0,0,0,0,1
Young,Low,7,73.5131,1,0,1,1
Young,High,9,89.2037,1,1,1,1
Young,High,1,72.2157,1,0,1,1
Young,High,2,51.0206,0,0,1,1
Young,Low,3,69.1354,0,0,0,1
Young,Low,3,60.0442,0,0,1,1
Senior,Low,8,56.0609,0,0,1,1
Senior,High,7,63.9112,1,0,1,1
Senior,Low,6,62.6787,1,1,0,0
Young,Low,10,49.1011,0,1,1,1
Young,High,10,100.0,0,0,1,1
Senior,Low,4,77.1181,0,0,0,1
Young,Low,9,68.6659,0,0,0,1
Young,Low,1,66.3482,0,0,1,1
Senior,Low,2,83.0352,0,1,0,1
Young,High,4,96.1336,0,0,0,1
Senior,High,3,75.2763,0,0,1,1
Senior,Low,1,66.8179,0,0,0,0
Young,High,5,87.0897,1,0,1,1
Young,Low,7,67.1354,0,0,0,1
Senior,Low,2,71.5297,1,1,1,0
Young,Low,5,80.0152,0,1,0,1
Young,Low,6,59.2028,0,0,0,1
Senior,High,7,33.8625,0,1,1,0
Young,High,1,58.4738,0,0,1,1
Senior,High,7,76.595,0,1,1,1
Senior,High,4,75.5383,1,0,1,1
Young,High,8,85.1401,0,0,1,1
Young,High,4,59.0475,0,0,1,1
Young,Low,6,88.7139,0,0,1,1
Young,Low,9,67.776,1,1,0,1
Young,High,5,74.0662,0,0,1,1
Senior,High,4,78.5542,0,1,1,1
Young,Low,8,44.275,1,0,0,1
Senior,High,9,49.9265,1,0,1,1
Senior,High,4,49.4286,1,1,0,0
Senior,High,3,81.0833,1,0,1,1
Senior,Low,8,60.4182,0,0,1,1
Young,High,5,95.4137,1,0,1,1
Senior,Low,2,65.0506,0,0,0,1
Senior,High,10,42.9294,0,0,1,1
Young,Low,9,54.9137,0,1,1,1
Young,High,3,66.7606,0,1,0,1
Senior,High,2,72.7278,1,0,1,1
Young,Low,1,50.2274,0,0,0,0
Young,Low,8,73.5272,0,0,1,1
Young,Low,3,77.5331,0,0,1,1
Young,Low,7,55.3858,0,1,0,1
Senior,Low,1,94.5374,1,1,0,0
Senior,Low,1,57.0101,1,1,1,0
Senior,Low,9,50.0018,1,1,0,1
Young,High,8,42.0617,0,0,1,1
Young,High,3,83.3096,1,0,1,1
Young,High,6,65.3432,1,0,1,1
Young,Low,3,57.8107,1,0,0,0
Young,High,4,42.8879,0,0,1,1
Senior,High,1,59.1612,0,0,1,1
Young,Low,5,100.0,1,1,1,1
Senior,Low,1,32.8327,0,0,1,1
Young,Low,1,55.5251,0,0,1,1
Young,High,10,91.8918,0,0,1,1
Young,Low,7,83.7346,1,0,0,1
Senior,High,6,56.4406,1,1,1,1
Senior,High,2,68.0539,0,0,1,1
Senior,High,2,71.9441,0,0,1,1
Young,High,7,67.0076,0,1,1,1
Young,High,1,91.7668,0,1,1,1
Senior,Low,2,70.0963,1,1,0,0
Young,High,8,82.0327,0,0,0,1
Senior,Low,6,67.724,0,0,1,1
Young,Low,2,34.5142,0,1,1,0
Young,High,7,47.1138,0,0,1,1
Young,High,4,50.2268,0,0,1,1
Young,High,2,61.2607,0,0,1,1
Senior,Low,6,96.1762,0,0,1,1
Young,High,9,70.4362,0,1,1,1
Young,High,9,63.4132,1,1,1,1
Young,High,8,83.5784,0,0,1,1
Young,Low,3,43.2217,0,0,1,1
Senior,Low,3,57.6546,0,1,1,1
Senior,High,2,55.4401,1,0,0,0
Senior,Low,5,70.9706,0,1,0,1
Senior,Low,4,78.4375,0,0,1,1
Young,Low,7,72.0723,1,0,0,1
Senior,Low,4,72.3097,1,1,0,0
Young,Low,9,59.5834,0,1,0,1
Young,Low,2,69.8114,0,0,1,1
Senior,Low,6,52.4024,1,0,1,1
Young,High,7,75.1121,0,0,1,1
Senior,High,4,57.491,1,1,1,0
Young,High,6,48.1774,0,0,0,1
Senior,Low,7,65.5673,0,0,0,1
Senior,Low,4,36.3033,1,1,0,0
Senior,High,8,87.1156,0,0,0,1
Senior,Low,9,76.9565,1,0,0,1
Senior,High,1,70.0545,1,1,1,0
Young,High,7,40.6447,0,0,1,1
Senior,Low,9,54.4971,1,0,1,1
Young,High,10,65.6084,0,0,1,1
Senior,High,5,61.0534,1,0,1,1
Senior,Low,2,39.6715,1,0,1,0
Senior,Low,10,45.2536,0,0,0,1
Young,High,6,60.7536,0,0,1,1
Young,Low,7,45.7507,0,0,1,1
Senior,Low,2,85.5708,1,0,0,0
Young,High,2,72.4181,0,1,1,1
Young,High,10,52.948,1,0,0,1
Young,Low,10,82.5373,0,1,0,1
Senior,High,1,79.5156,1,0,1,1
Senior,Low,4,69.3344,1,0,0,0
Young,Low,7,64.4062,1,0,1,1
Young,Low,9,60.5229,1,0,0,1
Young,High,3,56.9009,0,0,1,1
Senior,Low,7,44.9481,0,0,1,1
Senior,High,7,87.9249,0,0,1,1
Young,High,7,57.1923,0,0,1,1
Young,High,2,65.423,1,0,1,1
Young,High,6,51.3463,1,0,1,1
Senior,Low,2,61.1082,0,0,0,0
Senior,High,6,100.0,0,1,1,1
Young,High,10,54.11,0,0,1,1
Young,Low,3,86.7289,1,0,0,0
Young,High,2,64.5829,0,0,1,1
Senior,Low,6,75.1991,1,1,0,1
Young,High,2,83.6687,0,0,1,1
Senior,Low,5,69.084,1,0,0,1
Senior,Low,2,59.7244,1,0,0,0
Young,High,3,62.2086,0,0,1,1
Young,High,3,62.7136,0,0,1,1
Young,High,6,92.9656,0,0,1,1
Senior,Low,6,42.7381,1,1,1,1
Senior,High,10,38.4391,0,0,1,1
Senior,High,3,39.4392,1,0,1,0
Senior,High,3,51.591,1,0,1,1
Young,High,1,75.5012,0,1,1,1
Senior,High,7,76.4213,1,1,1,1
Senior,Low,8,55.8875,0,0,0,1
Young,High,2,64.5726,0,0,0,1
Senior,High,4,48.2555,0,1,1,1
Senior,Low,10,49.6467,1,1,1,1
Senior,Low,7,73.698,1,0,0,1
Senior,High,8,80.7153,0,1,1,1
Senior,High,1,57.8477,0,0,1,1
Senior,High,4,89.5252,1,0,1,1
Young,Low,6,79.4841,0,0,0,1
Young,High,3,88.8759,1,0,1,1
Senior,Low,5,60.4859,1,0,0,0
Young,Low,10,87.8103,1,0,1,1
Young,Low,9,97.6931,0,0,0,1
Young,High,3,58.8122,0,1,0,0
Young,High,5,62.6875,0,0,0,1
Senior,High,8,50.7842,0,0,1,1
Senior,High,6,47.8368,0,0,0,1
Young,Low,4,48.0117,0,0,0,1
Young,Low,8,52.828,0,0,1,1
Young,Low,3,69.1211,0,0,0,1
Senior,Low,3,53.462,1,0,1,1
Senior,High,4,68.6624,0,0,1,1
Young,High,9,68.9727,1,0,1,1
Senior,High,5,57.9481,0,0,1,1
Senior,Low,8,64.0604,0,0,0,1
Senior,Low,6,57.0813,0,1,1,1
Senior,Low,3,60.3389,0,0,0,1
Young,High,8,52.8671,1,0,1,1
Senior,High,9,66.2616,1,1,1,1
Young,Low,8,55.9918,0,0,1,1
Senior,High,4,47.509,0,0,1,1
Senior,Low,6,73.9014,1,0,0,1
Senior,Low,1,74.4094,0,0,0,1
Senior,Low,4,81.6755,1,0,0,1
Young,High,8,49.634,0,0,1,1
Senior,High,1,57.7861,0,0,1,1
Senior,High,3,68.4574,1,0,1,1
Senior,High,1,57.4694,1,1,1,0
Young,High,9,73.5637,0,0,1,1
Young,Low,2,72.469,0,0,0,1
Young,Low,9,72.1894,0,0,1,1
Senior,High,4,86.895,1,1,1,1
Senior,High,2,74.6612,0,0,1,1
Young,High,4,67.3084,0,0,0,1
Senior,High,10,62.097,0,1,1,1
Senior,Low,6,63.142,0,0,0,1
Senior,High,7,49.0368,1,0,0,1
Senior,High,3,38.5143,1,1,1,0
Senior,High,3,71.9563,0,0,1,1
Senior,Low,10,83.3545,0,0,0,1
Young,Low,8,60.0483,0,0,0,1
Senior,High,5,88.8064,0,0,0,1
Senior,Low,4,62.3523,0,0,0,1
Senior,Low,7,35.6934,0,0,0,1
Senior,Low,7,78.7737,1,0,0,1
Senior,High,9,57.8107,0,0,1,1
Young,Low,9,80.1317,1,0,1,1
Young,Low,5,45.8371,0,0,1,1
Young,Low,8,71.1807,1,0,0,1
Young,Low,10,52.9931,1,1,1,1
Senior,Low,1,68.0211,0,0,0,1
Senior,High,9,76.4991,0,1,1,1
Young,Low,8,73.016,1,0,0,1
Young,Low,6,66.0405,0,0,0,1
Senior,Low,3,44.3231,0,0,0,0
Young,High,3,75.9552,0,0,1,1
Senior,Low,8,80.4715,1,1,0,1
Senior,Low,5,49.355,1,1,1,0
Senior,High,10,51.5596,1,1,1,1
Young,Low,7,81.1034,0,0,1,1
Young,Low,5,61.8734,0,1,0,1
Senior,Low,8,51.9483,1,1,0,1
Senior,High,10,69.0883,0,0,1,1
Young,High,10,55.4221,0,0,1,1
Senior,Low,4,67.4156,0,0,1,1
Young,High,2,58.8019,0,0,0,1
Senior,Low,3,60.0873,1,0,0,0
Young,High,8,81.656,0,0,1,1
Senior,Low,7,30.0,1,1,1,0
Young,High,2,73.3213,0,0,1,1
Young,Low,6,79.1818,1,0,0,1
Young,High,9,55.6701,0,0,0,1
Young,High,4,79.0665,0,0,1,1
Senior,High,9,50.6146,0,0,1,1
Senior,High,2,55.1002,0,0,1,1
Young,Low,2,53.3725,0,0,0,1
Young,Low,9,79.2694,1,0,0,1
Senior,High,7,38.8258,1,0,1,1
Senior,Low,7,89.6022,0,1,1,1
Senior,High,1,60.4259,1,0,1,0
Young,Low,6,74.2237,0,1,1,1
Young,Low,7,72.9306,0,0,0,1
Senior,Low,6,67.2685,1,0,1,1
Young,High,6,55.9897,0,0,1,1
Senior,Low,2,83.6356,1,0,0,1
Young,High,6,57.2772,0,0,1,1
Senior,Low,4,54.0313,1,1,0,0
Young,High,9,78.1657,0,0,0,1
Senior,Low,1,67.1862,1,0,1,1
Young,Low,8,85.3673,0,0,0,1
Senior,Low,5,64.06,0,0,0,1
Young,High,1,55.2369,0,0,1,1
Senior,Low,4,69.1212,0,0,0,1
Senior,High,1,58.2857,1,0,1,1
Senior,Low,6,55.6712,1,1,1,1
Senior,High,2,77.4783,1,0,1,1
Senior,High,5,92.4733,0,0,1,1
Senior,Low,7,61.3031,0,1,1,1
Young,High,2,50.3789,0,0,1,1
Senior,High,6,62.6982,1,1,1,0
Young,High,6,72.722,0,0,1,1
Young,High,5,68.8622,1,0,0,0
Young,Low,5,82.9135,1,1,1,1
Young,Low,3,74.9763,0,0,0,1
Senior,High,10,48.4489,1,0,1,1
Senior,High,10,57.6002,0,0,1,1
Senior,High,2,44.2875,0,1,1,0
Senior,High,7,82.1702,1,0,1,1
Young,Low,1,35.1217,0,0,1,1
Young,Low,6,45.75,0,1,0,0
Young,High,6,57.323,0,0,1,1
Young,High,3,73.4588,0,0,1,1
Young,High,2,57.1752,0,0,0,1
Young,Low,2,59.5216,0,0,1,1
Senior,Low,9,59.8171,0,1,0,1
Senior,High,5,67.5917,0,1,1,1
Senior,High,7,46.6923,1,0,1,1
Senior,Low,5,50.7923,1,1,0,0
Senior,Low,7,90.2139,1,0,0,1
Young,High,4,71.036,0,0,1,1
Senior,High,8,76.4117,0,0,0,1
Senior,High,10,65.8704,0,0,1,1
Young,Low,10,62.8958,0,0,1,1
Young,High,7,71.857,0,0,1,1
Senior,High,10,75.9142,0,1,1,1
Young,Low,5,77.6911,0,0,1,1
Senior,High,6,63.1016,0,0,1,1
Senior,Low,5,79.3306,0,0,0,1
Young,High,7,30.0,0,1,1,1
Young,High,2,78.3843,0,0,1,1
Young,Low,5,58.5964,0,1,0,1
Young,High,10,73.3007,0,1,1,1
Young,Low,3,55.2601,0,0,1,1
Senior,Low,9,45.0996,0,1,0,1
Young,High,6,70.0956,0,1,1,1
Senior,Low,10,42.477,0,0,1,1
Young,High,3,59.0048,0,0,1,1
Senior,Low,7,52.8136,1,0,1,1
Young,High,4,62.3745,0,1,1,1
Young,Low,3,76.9581,0,0,0,1
Senior,High,8,57.6523,1,1,1,1
Senior,High,4,69.7187,0,1,0,1
Young,Low,1,76.0902,0,0,0,1
Senior,Low,6,55.8912,0,1,0,1
Young,High,10,56.1087,0,0,1,1
Young,High,1,85.5399,1,0,1,1
Young,Low,5,63.8092,1,1,0,0
Young,Low,7,72.6371,0,1,0,1
Senior,High,6,72.5234,1,1,1,1
Young,High,2,47.0302,1,0,1,0
Young,High,4,53.5869,0,1,1,1
Senior,Low,2,70.6302,0,0,1,1
Senior,High,1,33.9903,0,0,1,0
Young,High,3,61.8305,0,0,1,1
Senior,Low,3,52.0207,1,0,0,1
Young,High,7,81.6576,0,0,1,1
Senior,High,1,70.1917,0,1,1,1
Senior,High,9,82.8687,1,0,1,1
Senior,High,6,64.4131,0,1,0,1
Young,High,4,63.2917,1,0,1,1
Young,Low,3,60.4261,0,0,0,1
Young,High,3,57.454,1,0,1,1
